,Taille,Naif,DPR
1,10,1.2104400229873136e-05,4.270799981895834e-05
0,50,0.00016163639884325676,0.0003158516003168188
3,100,0.0006148388012661599,0.00045289440167834983
6,500,0.01527313199985656,0.002556162000837503
2,1000,0.05858555019949563,0.005522965000272962
5,5000,1.7243721063998236,0.030308881599194138
7,10000,7.667747292399144,0.06279605620002257
4,50000,186.74757348440033,0.3500378242002625
